,Unnamed: 0,full_name,rating,jersey,position,b_day,height,weight,salary,country,draft_year,draft_round,draft_peak,weightLog
0,0,LeBron James,97,#23,F,12/30/84,2.06,113.4,37436858,USA,2003,1,1,4.730921391293652
1,1,Kawhi Leonard,97,#2,F,06/29/91,2.01,102.1,32742000,USA,2011,1,15,4.625952725170619
2,2,Giannis Antetokounmpo,97,#34,F-G,12/06/94,2.11,109.8,25842697,Greece,2013,1,15,4.69866052907543
3,3,Kevin Durant,97,#7,F,09/29/88,2.08,104.3,37199000,USA,2007,1,2,4.647271362006727
4,4,James Harden,97,#13,G,08/26/89,1.96,99.8,38199000,USA,2009,1,3,4.603168183317418
5,5,Stephen Curry,97,#30,G,03/14/88,1.91,83.9,40231758,USA,2009,1,7,4.429625613473161
6,6,Anthony Davis,97,#3,F-C,03/11/93,2.08,100.7,27093019,USA,2012,1,1,4.612145799724517
7,7,Paul George,97,#13,F,05/02/90,2.03,95.3,33005556,USA,2010,1,10,4.557029810660157
8,8,Damian Lillard,97,#0,G,07/15/90,1.88,88.5,29802321,USA,2012,1,6,4.483002552013883
9,9,Joel Embiid,97,#21,C,03/16/94,2.13,113.4,27504630,Cameroon,2014,1,3,4.730921391293652
10,10,Kyrie Irving,97,#11,G,03/23/92,1.88,81.6,31742000,Australia,2011,1,1,4.401829261970061
11,11,Nikola Jokic,97,#15,C,02/19/95,2.13,114.8,27504630,Serbia,2014,2,41,4.743191483885466
12,12,Russell Westbrook,97,#0,G,11/12/88,1.91,86.2,38506482,USA,2008,1,4,4.456670177669648
13,13,Klay Thompson,97,#11,G,02/08/90,1.98,93.0,32742000,USA,2011,1,11,4.532599493153256
14,14,Karl-Anthony Towns,97,#32,F-C,11/15/95,2.11,112.5,27285000,USA,2015,1,1,4.722953221644475
15,15,Jimmy Butler,97,#22,G,09/14/89,2.01,99.8,32742000,USA,2011,1,30,4.603168183317418
16,16,Rudy Gobert,97,#27,C,06/26/92,2.16,108.0,25258427,France,2013,1,27,4.68213122712422
17,17,Blake Griffin,97,#23,F,03/16/89,2.06,114.3,34449964,USA,2009,1,1,4.738826570800765
18,18,Donovan Mitchell,97,#45,G,09/07/96,1.85,95.7,3635760,USA,2017,1,13,4.5612182984589085
19,19,Kemba Walker,97,#8,G,05/08/90,1.83,78.0,32742000,USA,2011,1,9,4.356708826689592
20,20,Luka Doncic,97,#77,G-F,02/28/99,2.01,103.0,7683360,Slovenia,2018,1,3,4.634728988229636
21,21,LaMarcus Aldridge,97,#12,F-C,07/19/85,2.11,111.6,26000000,USA,2006,1,2,4.71492104994721
22,22,Bradley Beal,97,#3,G,06/28/93,1.91,93.9,27093018,USA,2012,1,3,4.542230386214217
23,23,Mike Conley,97,#10,G,10/11/87,1.85,83.9,32511623,USA,2007,1,4,4.429625613473161
24,24,DeMar DeRozan,97,#10,G-F,08/07/89,1.98,99.8,27739975,USA,2009,1,9,4.603168183317418
25,25,CJ McCollum,97,#3,G,09/19/91,1.91,89.4,27556959,USA,2013,1,10,4.493120682179469
26,26,Victor Oladipo,97,#4,G,05/04/92,1.93,96.6,21000000,USA,2013,1,2,4.570578741218473
27,27,Kristaps Porzingis,97,#6,F-C,08/02/95,2.21,99.8,27285000,Latvia,2015,1,4,4.603168183317418
28,28,D'Angelo Russell,97,#0,G,02/23/96,1.93,87.5,27285000,USA,2015,1,2,4.471638793363569
29,29,Pascal Siakam,97,#43,F,04/02/94,2.06,103.0,2351838,Cameroon,2016,1,27,4.634728988229636
30,30,Ben Simmons,97,#25,F,07/20/96,2.08,108.9,8113929,Australia,2016,1,1,4.690430029938915
31,31,De'Aaron Fox,86,#5,G,12/20/97,1.91,77.6,6392760,USA,2017,1,5,4.351567427189173
32,32,Devin Booker,86,#1,G,10/30/96,1.96,93.4,27285000,USA,2015,1,13,4.536891345234797
33,33,DeMarcus Cousins,86,#0,C,08/13/90,2.08,122.5,3500000,USA,2010,1,5,4.808111029984782
34,34,Andre Drummond,86,#0,C,08/10/93,2.08,122.5,27093018,USA,2012,1,9,4.808111029984782
35,35,Draymond Green,86,#23,F,03/04/90,1.98,104.3,18539130,USA,2012,2,35,4.647271362006727
36,36,Jrue Holiday,86,#11,G,06/12/90,1.91,81.6,26131111,USA,2009,1,17,4.401829261970061
37,37,Nikola Vucevic,86,#9,C,10/24/90,2.11,108.9,28000000,Montenegro,2011,1,16,4.690430029938915
38,38,John Wall,86,#2,G,09/06/90,1.93,88.5,38199000,USA,2010,1,1,4.483002552013883
39,39,Jayson Tatum,86,#0,F,03/03/98,2.03,92.5,7830000,USA,2017,1,3,4.52720864451838
40,40,Trae Young,86,#11,G,09/19/98,1.85,81.6,6273000,USA,2018,1,5,4.401829261970061
41,41,Eric Bledsoe,86,#6,G,12/09/89,1.85,88.5,15625000,USA,2010,1,18,4.483002552013883
42,42,Clint Capela,86,#15,C,05/18/94,2.08,95.7,16896552,Switzerland,2014,1,25,4.5612182984589085
43,43,Tobias Harris,86,#12,F,07/15/92,2.03,102.5,32742000,USA,2011,1,19,4.629862798578463
44,44,Al Horford,86,#42,C-F,06/03/86,2.06,111.6,28000000,Dominican Republic,2007,1,3,4.71492104994721
45,45,Zach LaVine,86,#8,G,03/10/95,1.98,82.1,19500000,USA,2014,1,13,4.407938016458383
46,46,Kyle Lowry,86,#7,G,03/25/86,1.83,93.0,33296296,USA,2006,1,24,4.532599493153256
47,47,Khris Middleton,86,#22,F,08/12/91,2.01,98.4,30603448,USA,2012,2,39,4.589040804058207
48,48,Chris Paul,86,#3,G,05/06/85,1.85,79.4,38506482,USA,2005,1,4,4.37449836825309
49,49,John Collins,86,#20,F,09/23/97,2.06,102.1,2686560,USA,2017,1,19,4.625952725170619
50,50,Buddy Hield,86,#24,G,12/17/93,1.93,96.2,4861207,The Bahamas,2016,1,6,4.566429357671661
51,51,Kyle Kuzma,86,#0,F,07/24/95,2.03,100.2,1974600,USA,2017,1,27,4.607168188650764
52,52,Jamal Murray,86,#27,G,02/23/97,1.93,91.2,4444746,Canada,2016,1,7,4.513054897080286
53,53,Louis Williams,86,#23,G,10/27/86,1.85,79.4,8000000,USA,2005,2,45,4.37449836825309
54,54,Marvin Bagley,86,#35,F,03/14/99,2.11,106.6,8556120,USA,2018,1,2,4.669083511731744
55,55,Bojan Bogdanovic,86,#44,G-F,04/18/89,2.03,98.0,17000000,Croatia,2011,2,31,4.584967478670572
56,56,Malcolm Brogdon,86,#7,G,12/11/92,1.96,101.2,20000000,USA,2016,2,36,4.617098756853365
57,57,Danilo Gallinari,86,#8,F,08/08/88,2.08,102.1,22615559,Italy,2008,1,6,4.625952725170619
58,58,Montrezl Harrell,86,#5,F,01/26/94,2.01,114.8,6000000,USA,2015,2,32,4.743191483885466
59,59,Kevin Love,86,#0,F,09/07/88,2.03,117.9,28942830,USA,2008,1,5,4.769836807543325
60,60,Lauri Markkanen,86,#24,F-C,05/22/97,2.13,108.9,5300400,Finland,2017,1,7,4.690430029938915
61,61,Jusuf Nurkic,86,#27,C,08/23/94,2.13,131.5,12000000,Bosnia and Herzegovina,2014,1,16,4.879006851617819
62,62,Julius Randle,86,#30,F,11/29/94,2.03,113.4,18000000,USA,2014,1,7,4.730921391293652
63,63,Marc Gasol,86,#33,C,01/29/85,2.11,120.2,25595700,Spain,2007,2,48,4.789157022101107
64,64,Steven Adams,86,#12,C,07/20/93,2.11,115.7,25842697,New Zealand,2013,1,12,4.751000634199631
65,65,Deandre Ayton,86,#22,C,07/23/98,2.11,113.4,9562920,The Bahamas,2018,1,1,4.730921391293652
66,66,Spencer Dinwiddie,86,#8,G,04/06/93,1.96,93.0,10605600,USA,2014,2,38,4.532599493153256
67,67,Jaren Jackson,86,#13,F-C,09/15/99,2.11,110.0,6699960,USA,2018,1,4,4.700480365792417
68,68,Paul Millsap,86,#4,F-C,02/10/85,2.01,113.4,30350000,USA,2017,2,47,4.730921391293652
69,69,Marcus Smart,86,#36,G,03/06/94,1.91,103.0,12553571,USA,2014,1,6,4.634728988229636
70,70,Myles Turner,86,#33,F-C,03/24/96,2.11,108.4,18000000,USA,2015,1,11,4.685828089005546
71,71,Serge Ibaka,86,#9,F,09/18/89,2.13,108.9,23271604,Spain,2008,1,24,4.690430029938915
72,72,Zion Williamson,86,#1,F,07/06/00,1.98,128.8,9757440,USA,2019,1,1,4.858260813670253
73,73,Rudy Gay,86,#22,F,08/17/86,2.03,104.3,14500000,USA,2006,1,8,4.647271362006727
74,74,Aaron Gordon,86,#0,F,09/16/95,2.03,99.8,19863636,USA,2014,1,4,4.603168183317418
75,75,Brandon Ingram,86,#14,F,09/02/97,2.01,88.9,7265485,USA,2016,1,2,4.487512142519859
76,76,DeAndre Jordan,86,#6,C,07/21/88,2.11,120.2,9881598,USA,2008,2,35,4.789157022101107
77,77,Domantas Sabonis,86,#11,F-C,05/03/96,2.11,104.8,3529554,Lithuania,2016,1,11,4.6520537718869415
78,78,Jonas Valanciunas,86,#17,C,05/06/92,2.11,104.8,16000000,Lithuania,2011,1,5,4.6520537718869415
79,79,Hassan Whiteside,86,#21,C,06/13/89,2.13,106.6,27093018,USA,2010,2,33,4.669083511731744
80,80,Derrick Rose,86,#25,G,10/04/88,1.88,86.2,7317074,USA,2008,1,1,4.456670177669648
81,81,Robert Covington,86,#33,F,12/14/90,2.01,94.8,11301219,USA,2013,Undrafted,Undrafted,4.551769409260976
82,82,Derrick Favors,86,#22,F,07/15/91,2.06,111.6,17650000,USA,2010,1,3,4.71492104994721
83,83,Gordon Hayward,86,#20,F,03/23/90,2.01,93.9,32700690,USA,2010,1,9,4.542230386214217
84,84,Reggie Jackson,86,#0,G,04/16/90,1.91,94.3,17799677,USA,2011,1,24,4.546481189639412
85,85,Enes Kanter,86,#11,C,05/20/92,2.08,118.8,4767000,Turkey,2011,1,3,4.777441406928545
86,86,Otto Porter,86,#22,F,06/03/93,2.03,89.8,27250576,USA,2013,1,2,4.497584975308154
87,87,JJ Redick,86,#4,G,06/24/84,1.91,86.2,13486300,USA,2006,1,11,4.456670177669648
88,88,Josh Richardson,86,#0,G,09/15/93,1.96,90.7,10116576,USA,2015,2,40,4.507557357121091
89,89,TJ Warren,86,#1,F,09/05/93,2.03,99.8,11060000,USA,2014,1,14,4.603168183317418
90,90,Ja Morant,86,#12,G,08/10/99,1.91,78.9,8730240,USA,2019,1,2,4.368181227851829
91,91,Bam Adebayo,86,#13,F-C,07/18/97,2.06,110.2,3454080,USA,2017,1,14,4.702296896718814
92,92,Jarrett Allen,86,#31,C,04/20/98,2.11,106.1,2376840,USA,2017,1,22,4.664382045619937
93,93,Lonzo Ball,86,#2,G,10/27/97,1.98,86.2,8719320,USA,2017,1,2,4.456670177669648
94,94,Harrison Barnes,86,#40,F,05/30/92,2.03,95.3,24147727,USA,2012,1,7,4.557029810660157
95,95,Patrick Beverley,86,#21,G,07/12/88,1.85,81.6,12345680,USA,2009,2,42,4.401829261970061
96,96,Jaylen Brown,86,#7,F,10/24/96,1.98,101.2,6534829,USA,2016,1,3,4.617098756853365
97,97,Willie Cauley-Stein,86,#0,C,08/18/93,2.13,109.8,2177483,USA,2015,1,6,4.69866052907543
98,98,Goran Dragic,86,#7,G,05/06/86,1.91,86.2,19217900,Slovenia,2008,2,45,4.456670177669648
99,99,Shai Gilgeous-Alexander,86,#2,G,07/12/98,1.96,81.6,3952920,Canada,2018,1,11,4.401829261970061
100,100,Gary Harris,86,#14,G,09/14/94,1.93,93.0,17839286,USA,2014,1,19,4.532599493153256
101,101,Joe Ingles,86,#2,F,10/02/87,2.01,94.8,11454546,Australia,2009,Undrafted,Undrafted,4.551769409260976
102,102,Jeremy Lamb,86,#26,G,05/30/92,1.96,81.6,10500000,USA,2012,1,12,4.401829261970061
103,103,Brook Lopez,86,#11,C,04/01/88,2.13,120.2,12093024,USA,2008,1,10,4.789157022101107
104,104,JaVale McGee,86,#7,C,01/19/88,2.13,122.5,4000000,USA,2008,1,18,4.808111029984782
105,105,Mitchell Robinson,86,#23,C,04/01/98,2.13,101.2,1559712,USA,2018,2,36,4.617098756853365
106,106,Terrence Ross,86,#8,G,02/05/91,1.98,93.4,12500000,USA,2012,1,8,4.536891345234797
107,107,Tristan Thompson,86,#13,F,03/13/91,2.06,102.1,18539130,Canada,2011,1,4,4.625952725170619
108,108,PJ Tucker,86,#17,F,05/05/85,1.96,102.1,8349039,USA,2006,2,35,4.625952725170619
109,109,Fred VanVleet,86,#23,G,02/25/94,1.85,89.4,9346153,USA,2006,Undrafted,Undrafted,4.493120682179469
110,110,Andrew Wiggins,86,#22,F,02/23/95,2.01,89.4,27504630,Canada,2014,1,1,4.493120682179469
111,111,Thaddeus Young,86,#21,F,06/21/88,2.03,99.8,12900000,USA,2007,1,12,4.603168183317418
112,112,RJ Barrett,86,#9,G,06/14/00,1.98,91.6,7839960,Canada,2019,1,3,4.517431271680085
113,113,Ricky Rubio,86,#11,G,10/21/90,1.91,81.6,16200000,Spain,2009,1,5,4.401829261970061
114,114,Will Barton,86,#5,G,01/06/91,1.96,79.4,12776786,USA,2012,2,40,4.37449836825309
115,115,Bogdan Bogdanovic,86,#8,G,08/18/92,1.98,93.0,8529386,Serbia,2014,1,27,4.532599493153256
116,116,Thomas Bryant,86,#13,F-C,07/31/97,2.08,109.3,8000000,USA,2017,2,42,4.694096395182493
117,117,Wendell Carter,86,#34,C,04/16/99,2.06,117.5,5201400,USA,2018,1,7,4.7664383335842135
118,118,Jordan Clarkson,86,#8,G,06/07/92,1.93,84.4,13437500,Philippines,2014,2,46,4.4355674016019115
119,119,Evan Fournier,86,#10,G,10/29/92,2.01,86.2,17150000,France,2012,1,20,4.456670177669648
120,120,Eric Gordon,86,#10,G,12/25/88,1.91,97.5,14057730,USA,2008,1,7,4.579852378003801
121,121,JaMychal Green,86,#4,F,06/21/90,2.03,99.8,4767000,USA,2012,Undrafted,Undrafted,4.603168183317418
122,122,Joe Harris,86,#12,G,09/06/91,1.98,97.5,7666667,USA,2014,2,33,4.579852378003801
123,123,Andre Iguodala,86,#9,G-F,01/28/84,1.98,93.9,17185185,USA,2004,1,9,4.542230386214217
124,124,Caris LeVert,86,#22,G,08/25/94,1.98,86.6,2625717,USA,2016,1,20,4.461299815568389
125,125,Marcus Morris,86,#0,F,09/02/89,2.03,106.6,15000000,USA,2011,1,14,4.669083511731744
126,126,Dejounte Murray,86,#5,G,09/19/96,1.93,77.1,2321735,USA,2016,1,29,4.345103280569283
127,127,Larry Nance Jr,86,#22,F,01/01/93,2.01,103.0,12727273,USA,2015,1,27,4.634728988229636
128,128,Kelly Olynyk,86,#9,C,04/19/91,2.11,106.1,12667885,Canada,2013,1,13,4.664382045619937
129,129,Kelly Oubre,86,#3,F-G,12/09/95,2.01,92.1,15625000,USA,2015,1,15,4.522874943261261
130,130,Jabari Parker,86,#0,F,03/15/95,2.03,106.6,6500000,USA,2014,1,2,4.669083511731744
131,131,Bobby Portis,86,#1,F-C,02/10/95,2.08,111.6,15000000,USA,2015,1,22,4.71492104994721
132,132,Terry Rozier,86,#3,G,03/17/94,1.85,86.2,19894737,USA,2015,1,16,4.456670177669648
133,133,Dennis Schroeder,86,#17,G,09/15/93,1.85,78.0,15500000,Germany,2013,1,17,4.356708826689592
134,134,Jeff Teague,86,#0,G,06/10/88,1.91,82.1,19000000,USA,2009,1,19,4.407938016458383
135,135,Derrick White,86,#4,G,07/02/94,1.93,90.7,1948080,USA,2017,1,29,4.507557357121091
136,136,Justise Winslow,86,#0,F,03/26/96,1.98,100.7,13000000,USA,2015,1,10,4.612145799724517
137,137,Darius Garland,86,#10,G,06/26/00,1.85,79.4,6400920,USA,2019,1,5,4.37449836825309
138,138,De'Andre Hunter,86,#12,F,12/01/97,2.01,102.1,7068360,USA,2019,1,4,4.625952725170619
139,139,Al-Farouq Aminu,86,#2,F,09/21/90,2.03,97.5,9258000,Nigeria,2010,1,8,4.579852378003801
140,140,Mo Bamba,86,#5,C,05/12/98,2.13,102.1,5697600,USA,2018,1,6,4.625952725170619
141,141,Nicolas Batum,86,#5,F-G,12/14/88,2.06,95.3,25565217,France,2008,1,25,4.557029810660157
142,142,Malik Beasley,86,#0,G,11/26/96,1.93,89.8,2731713,USA,2016,1,19,4.497584975308154
143,143,Nemanja Bjelica,86,#88,F-G,05/09/88,2.08,101.6,6825000,Serbia,2010,2,35,4.6210435351443815
144,144,DeMarre Carroll,86,#0,F,07/27/86,1.98,96.2,7339258,USA,2009,1,27,4.566429357671661
145,145,Ed Davis,86,#17,F,06/05/89,2.06,97.5,4767000,USA,2010,1,13,4.579852378003801
146,146,Taj Gibson,86,#67,F,06/24/85,2.06,102.1,9000000,USA,2009,1,26,4.625952725170619
147,147,Jerami Grant,86,#9,F,03/12/94,2.03,97.1,9346153,USA,2014,2,39,4.575741375297279
148,148,Danny Green,86,#14,G,06/22/87,1.98,94.8,14634147,USA,2009,2,46,4.551769409260976
149,149,Tim Hardaway Jr,86,#11,G,03/16/92,1.96,90.3,20025127,USA,2013,1,24,4.5031374604229395
150,150,Alex Len,86,#0,C,06/16/93,2.13,102.1,4160000,Ukraine,2013,1,5,4.625952725170619
151,151,Kevon Looney,86,#5,F,02/06/96,2.06,100.7,4464286,USA,2015,1,30,4.612145799724517
152,152,Monte Morris,86,#11,G,06/27/95,1.88,79.4,1588231,USA,2017,2,51,4.37449836825309
153,153,Nerlens Noel,86,#9,F-C,04/10/94,2.08,93.4,1882867,USA,2013,1,6,4.536891345234797
154,154,Mason Plumlee,86,#24,C-F,03/05/90,2.11,108.0,14041096,USA,2013,1,22,4.68213122712422
155,155,Jakob Poeltl,86,#25,C-F,10/15/95,2.16,108.4,3754885,Austria,2016,1,9,4.685828089005546
156,156,Dwight Powell,86,#7,F-C,07/20/91,2.08,106.1,10259375,Canada,2014,2,45,4.664382045619937
157,157,Taurean Prince,86,#2,F,03/22/94,2.01,99.8,3481985,USA,2016,1,12,4.603168183317418
158,158,Dario Saric,86,#20,F,04/08/94,2.08,98.0,3481985,Croatia,2014,1,12,4.584967478670572
159,159,Collin Sexton,86,#2,G,01/04/99,1.85,86.2,4764960,USA,2018,1,8,4.456670177669648
160,160,Dennis Smith,86,#5,G,11/25/97,1.88,88.5,4463640,USA,2017,1,9,4.483002552013883
161,161,Cody Zeller,86,#40,C-F,10/05/92,2.13,104.3,14471910,USA,2013,1,4,4.647271362006727
162,162,Ivica Zubac,86,#40,C,03/18/97,2.13,120.2,6481482,Croatia,2016,2,32,4.789157022101107
163,163,Jarrett Culver,86,#23,G,02/20/99,1.98,88.5,5813640,USA,2019,1,6,4.483002552013883
164,164,Willy Hernangomez,76,#9,C-F,05/27/94,2.11,115.7,1676735,Spain,2015,2,35,4.751000634199631
165,165,Trevor Ariza,76,#0,F-G,06/30/85,2.03,95.3,12200000,USA,2004,2,43,4.557029810660157
166,166,DJ Augustin,76,#14,G,11/10/87,1.8,81.6,7250000,USA,2008,1,9,4.401829261970061
167,167,Jose Juan Barea,76,#5,G,06/26/84,1.78,79.4,2564753,Puerto Rico,2006,Undrafted,Undrafted,4.37449836825309
168,168,Michael Beasley,76,#0,F,01/09/89,2.08,106.6,3500000,USA,2008,1,2,4.669083511731744
169,169,Davis Bertans,76,#42,F,11/12/92,2.08,95.7,7000000,Latvia,2011,2,42,4.5612182984589085
170,170,Avery Bradley,76,#11,G,11/26/90,1.91,88.5,6767000,USA,2010,1,19,4.483002552013883
171,171,Miles Bridges,76,#0,F,03/21/98,1.98,102.1,3755400,USA,2018,1,12,4.625952725170619
172,172,Jalen Brunson,76,#13,G,08/31/96,1.85,86.2,1416852,USA,2018,2,33,4.456670177669648
173,173,Kentavious Caldwell-Pope,76,#1,G,02/18/93,1.96,92.5,8089282,USA,2013,1,8,4.52720864451838
174,174,Jae Crowder,76,#99,F,07/06/90,1.98,106.6,7815533,USA,2012,2,34,4.669083511731744
175,175,Dewayne Dedmon,76,#0,C,08/12/89,2.13,108.4,13333334,USA,2013,Undrafted,Undrafted,4.685828089005546
176,176,Gorgui Dieng,76,#0,C,01/18/90,2.08,104.3,16229213,Senegal,2013,1,21,4.647271362006727
177,177,Gerald Green,76,#0,F-G,01/26/86,1.98,87.1,2564753,USA,2005,1,18,4.467056883858457
178,178,Jeff Green,76,#34,F,08/28/86,2.03,106.6,3405180,USA,2007,1,5,4.669083511731744
179,179,Rodney Hood,76,#5,F,10/20/92,2.03,94.3,5718000,USA,2014,1,23,4.546481189639412
180,180,Kevin Huerter,76,#3,G,08/27/98,2.01,86.2,2636280,USA,2018,1,19,4.456670177669648
181,181,Ersan Ilyasova,76,#7,F,05/15/87,2.06,106.6,7000000,Turkey,2005,2,36,4.669083511731744
182,182,Jonathan Isaac,76,#1,F,10/03/97,2.11,93.0,5806440,USA,2017,1,6,4.532599493153256
183,183,Josh Jackson,76,#20,F,02/10/97,2.03,92.1,7059480,USA,2017,1,4,4.522874943261261
184,184,Frank Kaminsky,76,#8,F-C,04/04/93,2.13,104.8,4767000,USA,2015,1,9,4.6520537718869415
185,185,Michael Kidd-Gilchrist,76,#0,F,09/26/93,1.98,105.2,12784359,USA,2012,1,2,4.65586330030361
186,186,Kevin Knox,76,#20,F,08/11/99,2.01,97.5,4380120,USA,2018,1,9,4.579852378003801
187,187,Meyers Leonard,76,#0,C,02/27/92,2.13,111.1,11286515,USA,2012,1,11,4.7104306966455844
188,188,Wesley Matthews,76,#9,G,10/14/86,1.93,99.8,2564753,USA,2009,Undrafted,Undrafted,4.603168183317418
189,189,Emmanuel Mudiay,76,#8,G,03/05/96,1.91,86.2,1737145,Democratic Republic of the Congo,2015,1,7,4.456670177669648
190,190,Jahlil Okafor,76,#8,C,12/15/95,2.08,122.5,1702486,USA,2015,1,3,4.808111029984782
191,191,Elfrid Payton,76,#6,G,02/22/94,1.91,83.9,8000000,USA,2014,1,10,4.429625613473161
192,192,Michael Porter,76,#1,F,06/29/98,2.08,97.5,3389400,USA,2018,1,14,4.579852378003801
193,193,Austin Rivers,76,#25,G,08/01/92,1.91,90.7,2174310,USA,2012,1,10,4.507557357121091
194,194,Andre Roberson,76,#21,G-F,12/04/91,2.01,93.4,10740740,USA,2013,1,26,4.536891345234797
195,195,Rajon Rondo,76,#9,G,02/22/86,1.85,84.4,2564753,USA,2006,1,21,4.4355674016019115
196,196,Landry Shamet,76,#20,G,03/13/97,1.93,81.6,1995120,USA,2018,1,26,4.401829261970061
197,197,Daniel Theis,76,#27,C,04/04/92,2.03,97.5,5000000,Germany,2013,Undrafted,Undrafted,4.579852378003801
198,198,Isaiah Thomas,76,#0,G,02/07/89,1.75,83.9,2320044,USA,2011,2,60,4.429625613473161
199,199,Dion Waiters,76,#11,G,12/10/91,1.91,95.3,12475385,USA,2012,1,4,4.557029810660157
200,200,Marvin Williams,76,#2,F,06/19/86,2.03,108.9,14654179,USA,2005,1,2,4.690430029938915
201,201,Delon Wright,76,#55,G,04/26/92,1.96,82.1,9473684,USA,2015,1,20,4.407938016458383
202,202,Coby White,76,#0,G,02/16/00,1.93,83.9,5307120,USA,2019,1,7,4.429625613473161
203,203,Pau Gasol,76,#0,C,07/06/80,2.16,113.4,5538540,Spain,2001,1,3,4.730921391293652
204,204,Aron Baynes,76,#46,C,12/09/86,2.08,117.9,5453280,Australia,2009,Undrafted,Undrafted,4.769836807543325
205,205,Kent Bazemore,76,#26,G,07/01/89,1.93,88.5,19269663,USA,2012,Undrafted,Undrafted,4.483002552013883
206,206,Marco Belinelli,76,#18,G,03/25/86,1.96,90.7,5846154,Italy,2007,1,18,4.507557357121091
207,207,Bismack Biyombo,76,#8,C,08/28/92,2.03,103.9,17000000,Democratic Republic of the Congo,2011,1,7,4.6434288981051814
208,208,Mikal Bridges,76,#25,F-G,08/30/96,1.98,94.8,4161000,USA,2018,1,10,4.551769409260976
209,209,Wilson Chandler,76,#21,F-G,05/10/87,2.03,102.1,2564753,USA,2007,1,23,4.625952725170619
210,210,Damyean Dotson,76,#21,G,05/06/94,1.96,91.6,1618520,USA,2017,2,44,4.517431271680085
211,211,Kris Dunn,76,#32,G,03/18/94,1.91,93.0,5348007,USA,2016,1,5,4.532599493153256
212,212,Wayne Ellington,76,#2,G,11/29/87,1.93,90.7,8000000,USA,2009,1,28,4.507557357121091
213,213,Bryn Forbes,76,#11,G,07/23/93,1.88,84.8,2875000,USA,2016,Undrafted,Undrafted,4.440295542797857
214,214,Josh Hart,76,#3,G,03/06/95,1.96,92.5,1934160,USA,2017,1,30,4.52720864451838
215,215,John Henson,76,#31,F,12/28/90,2.06,99.8,9732396,USA,2012,1,14,4.603168183317418
216,216,Mario Hezonja,76,#44,F-G,02/25/95,2.03,91.2,1737145,Croatia,2015,1,5,4.513054897080286
217,217,George Hill,76,#3,G,05/04/86,1.91,81.6,10133907,USA,2008,1,26,4.401829261970061
218,218,Rondae Hollis-Jefferson,76,#4,F,01/03/95,1.98,95.7,2500000,USA,2015,1,23,4.5612182984589085
219,219,Richaun Holmes,76,#22,F,10/15/93,2.08,110.2,4767000,USA,2015,2,37,4.702296896718814
220,220,James Johnson,76,#0,F,02/20/87,2.01,111.1,15349400,USA,2009,1,16,4.7104306966455844
221,221,Luke Kennard,76,#5,G,06/24/96,1.96,88.9,3827160,USA,2017,1,12,4.487512142519859
222,222,Kyle Korver,76,#26,F,03/17/81,2.01,96.2,6004753,USA,2003,2,51,4.566429357671661
223,223,Rodions Kurucs,76,#0,F,02/05/98,2.06,97.5,1699236,Latvia,2018,2,40,4.579852378003801
224,224,Jake Layman,76,#10,F,03/07/94,2.03,94.8,3581986,USA,2016,2,47,4.551769409260976
225,225,Robin Lopez,76,#42,C,04/01/88,2.13,115.7,4767000,USA,2008,1,15,4.751000634199631
226,226,Trey Lyles,76,#41,F,11/05/95,2.06,109.3,5500000,Canada,2015,1,12,4.694096395182493
227,227,Boban Marjanovic,76,#51,C,08/15/88,2.24,131.5,3500000,Serbia,2010,Undrafted,Undrafted,4.879006851617819
228,228,TJ McConnell,76,#9,G,03/25/92,1.85,90.7,3500000,USA,2015,Undrafted,Undrafted,4.507557357121091
229,229,Patrick Mills,76,#8,G,08/11/88,1.85,83.9,12678571,Australia,2009,2,55,4.429625613473161
230,230,Malik Monk,76,#1,G,02/04/98,1.91,89.4,4028400,USA,2017,1,11,4.493120682179469
231,231,Markieff Morris,76,#88,F,09/02/89,2.03,111.1,3709887,USA,2011,1,13,4.7104306966455844
232,232,Shabazz Napier,76,#0,G,07/14/91,1.83,79.4,1845301,USA,2014,1,24,4.37449836825309
233,233,Cedi Osman,76,#16,F-G,04/08/95,2.01,97.5,2907143,Turkey,2015,2,31,4.579852378003801
234,234,Tomas Satoransky,76,#31,G,10/30/91,2.01,89.8,10000000,Czech,2012,2,32,4.497584975308154
235,235,Mike Scott,76,#1,F,07/16/88,2.01,107.5,4767000,USA,2012,2,43,4.677490847567717
236,236,Noah Vonleh,76,#0,F,08/24/95,2.08,112.0,2000000,USA,2014,1,9,4.718498871295094
237,237,Allonzo Trier,76,#0,G-F,01/17/96,1.93,90.7,3551100,USA,2018,Undrafted,Undrafted,4.507557357121091
238,238,Juan Hernangomez,76,#41,F,09/28/95,2.06,99.8,3321029,Spain,2016,1,15,4.603168183317418
239,239,Kyle Anderson,76,#1,F,09/20/93,2.06,104.3,9073050,USA,2014,1,30,4.647271362006727
240,240,Jordan Bell,76,#0,F-C,01/07/95,2.03,101.6,1870564,USA,2017,2,38,4.6210435351443815
241,241,Khem Birch,76,#24,C,09/28/92,2.06,94.8,3000000,Canada,2014,Undrafted,Undrafted,4.551769409260976
242,242,Dillon Brooks,76,#24,G-F,01/22/96,2.01,102.1,1618520,Canada,2017,2,45,4.625952725170619
243,243,Reggie Bullock,76,#25,G,03/16/91,1.98,90.7,4000000,USA,2013,1,25,4.507557357121091
244,244,Zach Collins,76,#33,C,11/17/97,2.11,105.2,4240200,USA,2017,1,10,4.65586330030361
245,245,Pat Connaughton,76,#24,G,01/06/93,1.96,97.5,1723050,USA,2015,2,41,4.579852378003801
246,246,Quinn Cook,76,#2,G,03/23/93,1.85,81.6,3000000,USA,2015,Undrafted,Undrafted,4.401829261970061
247,247,Torrey Craig,76,#3,G,12/19/90,2.01,97.5,2000000,USA,2014,Undrafted,Undrafted,4.579852378003801
248,248,Seth Curry,76,#30,G,08/23/90,1.88,81.6,7461380,USA,2013,Undrafted,Undrafted,4.401829261970061
249,249,Cheick Diallo,76,#14,F-C,09/13/96,2.03,99.3,1678854,Mali,2016,2,33,4.598145571051127
250,250,Yogi Ferrell,76,#3,G,05/09/93,1.83,80.7,3150000,USA,2016,Undrafted,Undrafted,4.390738575275903
251,251,Markelle Fultz,76,#20,G,05/29/98,1.91,88.5,9745200,USA,2017,1,1,4.483002552013883
252,252,Harry Giles,76,#20,F-C,04/22/98,2.11,105.2,2578800,USA,2017,1,20,4.65586330030361
253,253,Moe Harkless,76,#0,F,05/11/93,2.01,94.3,11011234,USA,2012,1,15,4.546481189639412
254,254,Justin Jackson,76,#44,F-G,03/28/95,2.01,91.2,3280920,USA,2017,1,15,4.513054897080286
255,255,Tyler Johnson,76,#0,G,05/07/92,1.91,84.4,19428485,USA,2014,Undrafted,Undrafted,4.4355674016019115
256,256,Derrick Jones,76,#5,F,02/15/97,1.98,88.5,1645357,USA,2016,Undrafted,Undrafted,4.483002552013883
257,257,Cory Joseph,76,#9,G,08/20/91,1.91,83.9,12000000,Canada,2011,1,29,4.429625613473161
258,258,Maxi Kleber,76,#42,F-C,01/29/92,2.08,95.7,8000000,Germany,2014,Undrafted,Undrafted,4.5612182984589085
259,259,TJ Leaf,76,#22,F-C,04/30/97,2.08,100.7,2813280,Israel,2017,1,18,4.612145799724517
260,260,Doug McDermott,76,#20,F,01/03/92,2.01,98.9,7333333,USA,2014,1,11,4.594109238628667
261,261,E'Twaun Moore,76,#55,G,02/25/89,1.91,86.6,8664928,USA,2011,2,55,4.461299815568389
262,262,Joakim Noah,76,#0,C,02/25/85,2.11,103.0,6813026,USA,2007,1,9,4.634728988229636
263,263,Kyle O'Quinn,76,#9,F-C,03/26/90,2.06,108.9,2174318,USA,2012,2,49,4.690430029938915
264,264,Chandler Parsons,76,#0,F,10/25/88,2.06,90.7,25102512,USA,2011,2,38,4.507557357121091
265,265,Norman Powell,76,#24,G,05/25/93,1.91,97.5,10116576,USA,2015,2,46,4.579852378003801
266,266,Ivan Rabb,76,#0,F-C,02/04/97,2.08,99.8,451326,USA,2017,2,35,4.603168183317418
267,267,Glenn Robinson III,76,#22,F,01/08/94,1.98,95.7,1882867,USA,2014,2,40,4.5612182984589085
268,268,Denzel Valentine,76,#45,G,11/16/93,1.93,95.3,3377568,USA,2016,1,14,4.557029810660157
269,269,Robert Williams,76,#44,F-C,10/17/97,2.03,107.5,1937520,USA,2018,1,27,4.677490847567717
270,270,Christian Wood,76,#35,F,09/27/95,2.08,98.0,1645357,USA,2015,Undrafted,Undrafted,4.584967478670572
271,271,Jaxson Hayes,76,#10,F-C,05/23/00,2.11,99.8,4862040,USA,2019,1,8,4.603168183317418
272,272,Rui Hachimura,76,#8,F,02/08/98,2.03,102.1,4469160,Japan,2019,1,9,4.625952725170619
273,273,OG Anunoby,76,#3,F-G,07/17/97,2.01,105.2,2281800,United Kingdom,2017,1,23,4.65586330030361
274,274,Dwayne Bacon,76,#7,G,08/30/95,1.98,99.8,1618520,USA,2017,2,40,4.603168183317418
275,275,DeAndre Bembry,76,#95,F,07/04/94,1.96,93.9,2603981,USA,2016,1,21,4.542230386214217
276,276,Jonah Bolden,76,#0,F,01/02/96,2.03,97.5,1788296,Australia,2017,2,36,4.579852378003801
277,277,Sterling Brown,76,#23,G,02/10/95,1.96,104.3,1618520,USA,2017,2,46,4.647271362006727
278,278,Bruce Brown,76,#6,G,08/15/96,1.93,86.2,1416852,USA,2018,2,42,4.456670177669648
279,279,Troy Brown,76,#6,F-G,07/28/99,1.98,97.5,3219480,USA,2018,1,15,4.579852378003801
280,280,Alec Burks,76,#0,G,07/20/91,1.98,88.5,2320044,USA,2011,1,12,4.483002552013883
281,281,Alex Caruso,76,#4,G,02/28/94,1.96,84.4,2750000,USA,2016,Undrafted,Undrafted,4.4355674016019115
282,282,Tyson Chandler,76,#19,C,10/02/82,2.13,106.6,2564753,USA,2001,1,2,4.669083511731744
283,283,Allen Crabbe,76,#0,G-F,04/09/92,1.96,89.4,17818456,USA,2013,2,31,4.493120682179469
284,284,Matthew Dellavedova,76,#18,G,09/08/90,1.91,86.2,9607500,Australia,2013,Undrafted,Undrafted,4.456670177669648
285,285,James Ennis,76,#0,F,07/01/90,1.98,91.2,1882867,USA,2013,2,50,4.513054897080286
286,286,Dorian Finney-Smith,76,#10,F,05/04/93,2.01,96.6,4000000,USA,2016,Undrafted,Undrafted,4.570578741218473
287,287,Shaquille Harrison,76,#3,G,10/06/93,2.01,86.2,1620564,USA,2016,Undrafted,Undrafted,4.456670177669648
288,288,Aaron Holiday,76,#3,G,09/30/96,1.83,83.9,2239200,USA,2018,1,23,4.429625613473161
289,289,Danuel House,76,#4,F,06/07/93,1.98,99.8,3540000,USA,2016,Undrafted,Undrafted,4.603168183317418
290,290,Stanley Johnson,76,#5,F,05/29/96,1.98,109.8,3623000,USA,2015,1,8,4.69866052907543
291,291,Tyus Jones,76,#21,G,05/10/96,1.83,83.9,10116000,USA,2015,1,24,4.429625613473161
292,292,Furkan Korkmaz,76,#30,F,06/27/97,2.01,83.9,1620564,Turkey,2016,1,26,4.429625613473161
293,293,Ian Mahinmi,76,#28,C,11/05/86,2.11,104.3,15450051,France,2005,1,28,4.647271362006727
294,294,CJ Miles,76,#0,G-F,03/18/87,1.98,105.2,8730158,USA,2005,2,34,4.65586330030361
295,295,Mike Muscala,76,#33,F-C,07/01/91,2.08,104.3,2028594,USA,2013,2,44,4.647271362006727
296,296,Frank Ntilikina,76,#11,G,07/28/98,1.93,86.2,4855800,France,2017,1,8,4.456670177669648
297,297,David Nwaba,76,#0,G,01/14/93,1.96,95.3,2581965,USA,2016,Undrafted,Undrafted,4.557029810660157
298,298,Royce O'Neale,76,#23,F,06/05/93,1.93,102.5,1618520,USA,2015,Undrafted,Undrafted,4.629862798578463
299,299,Semi Ojeleye,76,#37,F,12/05/94,1.98,106.6,1618520,USA,2017,2,37,4.669083511731744
300,300,Josh Okogie,76,#20,G,09/01/98,1.93,96.6,2530680,Nigeria,2018,1,20,4.570578741218473
301,301,Jonathon Simmons,76,#0,G-F,09/14/89,1.98,88.5,1000000,USA,2012,Undrafted,Undrafted,4.483002552013883
302,302,Ishmael Smith,76,#14,G,07/05/88,1.83,79.4,6000000,USA,2010,Undrafted,Undrafted,4.37449836825309
303,303,Tony Snell,76,#17,F,11/10/91,1.98,89.8,11392857,USA,2013,1,20,4.497584975308154
304,304,Omari Spellman,76,#0,F,07/21/97,2.03,111.1,1897800,USA,2018,1,30,4.7104306966455844
305,305,Garrett Temple,76,#17,G-F,05/08/86,1.96,88.5,4767000,USA,2009,Undrafted,Undrafted,4.483002552013883
306,306,Evan Turner,76,#1,G-F,10/27/88,1.98,93.0,18606556,USA,2010,1,2,4.532599493153256
307,307,Lonnie Walker,76,#1,G,12/14/98,1.96,92.5,2764200,USA,2018,1,18,4.52720864451838
308,308,Brad Wanamaker,76,#9,G,07/25/89,1.91,95.3,1445697,USA,2011,Undrafted,Undrafted,4.557029810660157
309,309,Ante Zizic,76,#41,C,01/04/97,2.08,113.4,2281800,Croatia,2016,1,23,4.730921391293652
310,310,Tyler Herro,76,#14,G,01/20/00,1.96,88.5,3640200,USA,2019,1,13,4.483002552013883
311,311,Vincent Poirier,76,#77,C,10/17/93,2.13,106.6,2505793,France,2015,Undrafted,Undrafted,4.669083511731744
312,312,Sekou Doumbouya,76,#45,F,12/23/00,2.03,94.8,3285120,France,2019,1,15,4.551769409260976
313,313,Brandon Clarke,76,#15,F,09/19/96,2.03,97.5,2478840,Canada,2019,1,21,4.579852378003801
314,314,Nicolo Melli,76,#20,F,01/26/91,2.06,107.0,4102564,Italy,2013,Undrafted,Undrafted,4.672828834461906
315,315,Nassir Little,76,#9,F,02/11/00,1.96,99.8,2105520,USA,2019,1,25,4.603168183317418
316,316,Grayson Allen,76,#3,G,10/08/95,1.93,93.0,2429400,USA,2018,1,21,4.532599493153256
317,317,Antonio Blakeney,76,#0,G-F,10/04/96,1.93,89.4,1488231,USA,2017,Undrafted,Undrafted,4.493120682179469
318,318,Michael Carter-Williams,76,#7,G,10/10/91,1.96,83.5,2028594,USA,2013,1,11,4.42484663185681
319,319,Troy Daniels,76,#30,G,07/15/91,1.93,90.7,2487033,USA,2013,Undrafted,Undrafted,4.507557357121091
320,320,Donte DiVincenzo,76,#0,G,01/31/97,1.93,93.0,2905800,USA,2018,1,17,4.532599493153256
321,321,Jared Dudley,76,#10,F,07/10/85,1.98,102.1,2564753,USA,2007,1,22,4.625952725170619
322,322,Cristiano Felicio,76,#6,F,07/07/92,2.08,122.5,8156500,Brazil,2014,Undrafted,Undrafted,4.808111029984782
323,323,Tim Frazier,76,#0,G,11/01/90,1.83,77.1,1620564,USA,2014,Undrafted,Undrafted,4.345103280569283
324,324,Langston Galloway,76,#9,G,12/09/91,1.85,91.6,7333333,USA,2014,Undrafted,Undrafted,4.517431271680085
325,325,Justin Holiday,76,#8,G,04/05/89,1.98,81.6,4767000,USA,2011,Undrafted,Undrafted,4.401829261970061
326,326,Chandler Hutchison,76,#15,F,04/26/96,2.01,88.9,2332320,USA,2018,1,22,4.487512142519859
327,327,Wesley Iwundu,76,#25,F,12/20/94,1.98,93.0,1618520,USA,2017,2,33,4.532599493153256
328,328,Brandon Knight,76,#0,G,12/02/91,1.88,85.7,15643750,USA,2011,1,8,4.450852825603734
329,329,Courtney Lee,76,#1,G-F,10/03/85,1.96,90.7,12759670,USA,2008,1,22,4.507557357121091
330,330,Thon Maker,76,#7,F-C,02/25/97,2.13,98.0,3569643,Australia,2016,1,10,4.584967478670572
331,331,Patrick McCaw,76,#22,G,10/25/95,2.01,82.1,4000000,USA,2016,2,38,4.407938016458383
332,332,Rodney McGruder,76,#19,G,07/29/91,1.93,93.0,4807693,USA,2013,Undrafted,Undrafted,4.532599493153256
333,333,Darius Miller,76,#21,F,03/21/90,1.98,102.1,7250000,USA,2012,2,46,4.625952725170619
334,334,Raul Neto,76,#19,G,05/19/92,1.85,77.1,1737145,Brazil,2013,2,47,4.345103280569283
335,335,Georges Niang,76,#31,F,06/17/93,2.01,104.3,1645357,USA,2016,2,50,4.647271362006727
336,336,Cameron Payne,76,#0,G,08/08/94,1.88,81.6,346288,USA,2015,1,14,4.401829261970061
337,337,Anfernee Simons,76,#1,G,06/08/99,1.91,82.1,2149560,USA,2018,1,24,4.407938016458383
338,338,Zhaire Smith,76,#8,G-F,06/04/99,1.91,93.0,3058800,USA,2018,1,16,4.532599493153256
339,339,Anthony Tolliver,76,#0,F,06/01/85,2.03,108.9,2854556,USA,2007,Undrafted,Undrafted,4.690430029938915
340,340,DJ Wilson,76,#5,F,02/19/96,2.08,106.1,2961120,USA,2017,1,17,4.664382045619937
341,341,Alfonzo McKinnie,76,#0,F,09/17/92,2.03,97.5,2391985,USA,2015,Undrafted,Undrafted,4.579852378003801
342,342,Romeo Langford,76,#45,G,10/25/99,1.93,98.0,3458400,USA,2019,1,14,4.584967478670572
343,343,Grant Williams,76,#12,F,11/30/98,1.98,107.0,2379840,USA,2019,1,22,4.672828834461906
344,344,Nicolas Claxton,76,#0,C,04/17/90,2.11,97.5,898310,USA,2019,2,31,4.579852378003801
345,345,PJ Washington,76,#25,F,08/23/98,2.01,102.1,3831840,USA,2019,1,12,4.625952725170619
346,346,Ryan Arcidiacono,76,#51,G,03/26/94,1.91,88.5,3000000,Italy,2016,Undrafted,Undrafted,4.483002552013883
347,347,Kevin Porter,76,#4,G-F,05/04/00,1.93,98.9,1290960,USA,2019,1,30,4.594109238628667
348,348,Ryan Broekhoff,76,#0,F,08/23/90,1.98,97.5,2833704,Australia,2013,Undrafted,Undrafted,4.579852378003801
349,349,Goga Bitadze,76,#88,C,07/20/99,2.11,113.4,2816760,Georgia,2019,1,18,4.730921391293652
350,350,De'Anthony Melton,76,#0,G,05/28/98,1.88,86.2,1416852,USA,2018,2,46,4.456670177669648
351,351,Kenrich Williams,76,#34,G-F,12/02/94,1.98,95.3,1416852,USA,2018,Undrafted,Undrafted,4.557029810660157
352,352,Nickeil Alexander-Walker,76,#0,G,09/02/98,1.96,93.0,2964840,Canada,2019,1,17,4.532599493153256
353,353,Chuma Okeke,76,#3,F-C,08/18/98,2.03,104.0,2773550,USA,2019,1,16,4.6443908991413725
354,354,Matisse Thybulle,76,#22,G-F,03/04/97,1.96,91.2,2582160,USA,2019,1,20,4.513054897080286
355,355,Cameron Johnson,76,#23,F,03/03/96,2.03,95.3,4033440,USA,2019,1,11,4.557029810660157
356,356,Ty Jerome,76,#10,G,07/08/97,1.96,88.5,2193480,USA,2019,1,24,4.483002552013883
357,357,Luka Samanic,76,#19,F,01/09/00,2.08,94.8,2689920,Croatia,2019,1,19,4.551769409260976
358,358,Keldon Johnson,76,#3,F,10/11/99,1.96,95.7,1950600,USA,2019,1,29,4.5612182984589085
359,359,Matt Thomas,76,#21,G,08/04/94,1.93,89.4,898310,USA,2017,Undrafted,Undrafted,4.493120682179469
360,360,Chris Boucher,76,#25,F-C,01/11/93,2.06,90.7,1588231,Canada,2017,Undrafted,Undrafted,4.507557357121091
361,361,Jevon Carter,76,#4,G,09/14/95,1.85,90.7,1416852,USA,2018,2,32,4.507557357121091
362,362,Deyonta Davis,76,#0,F-C,12/02/96,2.08,108.9,250000,USA,2016,2,31,4.690430029938915
363,363,Jacob Evans,76,#0,G,06/18/97,1.93,95.3,1925880,USA,2018,1,28,4.557029810660157
364,364,Terrance Ferguson,76,#23,G,05/17/98,1.98,83.5,2475840,USA,2017,1,21,4.42484663185681
365,365,Daniel Gafford,76,#12,F,10/01/98,2.08,106.1,898310,USA,2019,2,38,4.664382045619937
366,366,Treveon Graham,76,#12,G,10/28/93,1.96,99.3,1645357,USA,2015,Undrafted,Undrafted,4.598145571051127
367,367,Frank Jackson,76,#15,G,05/04/98,1.91,93.0,1618520,USA,2017,2,31,4.532599493153256
368,368,Luke Kornet,76,#2,C,07/15/95,2.18,108.9,2250000,USA,2017,Undrafted,Undrafted,4.690430029938915
369,369,Frank Mason,76,#15,G,04/13/94,1.8,86.2,79568,USA,2017,2,34,4.456670177669648
370,370,Ben McLemore,76,#16,G,02/11/93,1.91,85.7,2028594,USA,2013,1,7,4.450852825603734
371,371,Dzanan Musa,76,#13,F,05/08/99,2.06,88.5,1911600,Bosnia and Herzegovina,2018,1,29,4.483002552013883
372,372,Elie Okobo,76,#2,G,10/23/97,1.91,86.2,1416852,France,2018,2,31,4.456670177669648
373,373,Jerome Robinson,76,#1,G,02/22/97,1.93,86.2,3567720,USA,2018,1,13,4.456670177669648
374,374,JaKarr Sampson,76,#14,F,03/20/93,2.01,101.2,1737145,USA,2014,Undrafted,Undrafted,4.617098756853365
375,375,Edmond Sumner,76,#5,G,12/13/95,1.93,84.4,2000000,USA,2017,2,52,4.4355674016019115
376,376,Gary Trent Jr,76,#2,G,01/18/99,1.96,94.8,1416852,USA,2018,2,37,4.551769409260976
377,377,Moritz Wagner,76,#21,F,04/26/97,2.11,108.9,2063520,Germany,2018,1,25,4.690430029938915
378,378,Admiral Schofield,76,#1,F,03/30/97,1.96,109.3,1000000,USA,2019,2,42,4.694096395182493
379,379,Bruno Fernando,76,#24,F,08/15/98,2.06,111.1,1400000,Angola,2019,2,34,4.7104306966455844
380,380,Alen Smailagic,76,#6,F,08/18/00,2.08,97.5,898310,Serbia,2019,2,39,4.579852378003801
381,381,Eric Paschall,76,#7,F,11/04/96,1.98,115.7,898310,USA,2019,2,41,4.751000634199631
382,382,Carsen Edwards,76,#4,G,03/12/98,1.8,90.7,1228026,USA,2019,2,33,4.507557357121091
383,383,KZ Okpala,76,#4,F,04/28/99,2.03,97.5,898310,USA,2019,2,32,4.579852378003801
384,384,Shake Milton,76,#18,C,09/26/96,1.96,93.0,1445697,USA,2018,2,54,4.532599493153256
385,385,Chimezie Metu,76,#7,F,03/22/97,2.06,102.1,1416852,Nigeria,2018,2,49,4.625952725170619
386,386,Keita Bates-Diop,76,#0,F,01/23/96,2.03,106.6,1416852,USA,2018,2,48,4.669083511731744
387,387,Darius Bazley,76,#7,F,06/12/00,2.03,90.7,2284800,USA,2019,1,23,4.507557357121091
388,388,Tony Bradley,76,#13,F-C,01/08/98,2.08,112.5,1962360,USA,2017,1,28,4.722953221644475
389,389,Hamidou Diallo,76,#6,G,07/31/98,1.96,89.8,1416852,USA,2018,2,45,4.497584975308154
390,390,Melvin Frazier,76,#35,F,08/30/96,1.96,91.2,1416852,USA,2018,2,35,4.513054897080286
391,391,Solomon Hill,76,#44,F,03/18/91,1.98,102.5,13290395,USA,2013,1,23,4.629862798578463
392,392,Alize Johnson,76,#24,F,04/26/96,2.01,91.2,1416852,USA,2018,2,50,4.513054897080286
393,393,Skal Labissiere,76,#0,C-F,03/18/96,2.08,98.0,2338846,Haiti,2016,1,28,4.584967478670572
394,394,Tyler Lydon,76,#0,F-C,04/09/96,2.06,99.8,50000,USA,2017,1,24,4.603168183317418
395,395,Sviatoslav Mykhailiuk,76,#19,G,06/10/97,2.01,93.0,1416852,Ukraine,2018,2,47,4.532599493153256
396,396,Johnathan Motley,76,#15,F,05/04/95,2.03,104.3,79568,USA,2017,Undrafted,Undrafted,4.647271362006727
397,397,Abdel Nader,76,#11,F,09/25/93,1.96,102.1,1618520,Egypt,2016,2,58,4.625952725170619
398,398,Miles Plumlee,76,#0,F-C,09/01/88,2.11,115.7,12500000,USA,2012,1,26,4.751000634199631
399,399,Caleb Swanigan,76,#50,C,04/18/97,2.06,112.9,2033160,USA,2017,1,26,4.726502471155617
400,400,Jarred Vanderbilt,76,#0,F,04/03/99,2.06,97.1,1416852,USA,2018,2,41,4.575741375297279
401,401,Jemerrio Jones,76,#0,F,04/09/95,1.96,91.2,195077,USA,2018,Undrafted,Undrafted,4.513054897080286
402,402,Jordan Poole,76,#3,G,06/19/99,1.93,88.0,1964760,USA,2019,1,28,4.477336814478207
403,403,Talen Horton-Tucker,76,#5,G,11/20/00,1.93,106.1,898310,USA,2019,2,46,4.664382045619937
404,404,Yante Maten,76,#0,F-C,08/14/96,2.03,108.9,100000,USA,2018,Undrafted,Undrafted,4.690430029938915
405,405,Thanasis Antetokounmpo,76,#43,F,07/18/92,1.98,97.5,1445697,Greece,2014,2,51,4.579852378003801
406,406,Naz Reid,76,#11,C,08/26/99,2.06,112.9,898310,USA,2019,Undrafted,Undrafted,4.726502471155617
407,407,Ignas Brazdeikis,76,#17,F,01/08/99,1.98,98.0,898310,Canada,2019,2,47,4.584967478670572
408,408,Deonte Burton,76,#30,G,06/26/91,1.93,108.9,1416852,USA,2014,Undrafted,Undrafted,4.690430029938915
409,409,Justin James,76,#10,G,01/24/97,2.01,86.2,898310,USA,2019,2,40,4.456670177669648
410,410,Henry Ellenson,76,#0,F-C,01/13/97,2.08,109.8,79568,USA,2016,1,18,4.69866052907543
411,411,Devonte Graham,76,#0,G,02/22/95,1.85,83.9,1416852,USA,2018,2,34,4.429625613473161
412,412,Amile Jefferson,76,#0,F-C,05/07/93,2.06,101.6,1529007,USA,2017,Undrafted,Undrafted,4.6210435351443815
413,413,Khyri Thomas,76,#13,G,05/08/96,1.91,95.3,1416852,USA,2018,2,38,4.557029810660157
414,414,Theo Pinson,76,#0,G,11/05/95,1.96,99.8,1445697,USA,2018,Undrafted,Undrafted,4.603168183317418
415,415,Gary Clark,76,#0,F,11/16/94,1.98,102.1,1427191,USA,2018,Undrafted,Undrafted,4.625952725170619
416,416,Terance Mann,76,#14,G,10/18/96,1.96,97.5,1000000,USA,2019,2,48,4.579852378003801
417,417,Cam Reynolds,76,#13,G,02/07/95,2.01,102.1,79568,USA,2018,Undrafted,Undrafted,4.625952725170619
418,418,Tyrone Wallace,76,#0,G-F,06/10/94,1.96,90.7,502491,USA,2016,2,60,4.507557357121091
419,419,Miye Oni,76,#24,F,08/04/97,1.96,95.3,898310,USA,2019,2,58,4.557029810660157
420,420,Malcolm Miller,76,#13,F,03/06/93,2.01,93.0,1588231,USA,2015,Undrafted,Undrafted,4.532599493153256
421,421,Isaac Bonga,76,#17,G,11/08/99,2.03,90.7,1416852,Germany,2018,2,39,4.507557357121091
422,422,Isaiah Hartenstein,76,#0,F-C,05/05/98,2.13,113.4,1416852,Germany,2017,2,43,4.730921391293652
423,423,Jordan McRae,76,#0,G,03/28/91,1.96,81.2,1254933,USA,2014,2,58,4.396915247167632
424,424,Brandon Goodwin,76,#0,G,10/02/95,1.83,81.6,522738,USA,2018,Undrafted,Undrafted,4.401829261970061
425,425,Michael Frazier,76,#21,G,03/08/94,1.91,90.7,79568,USA,2015,2,60,4.507557357121091
426,426,Kostas Antetokounmpo,76,#37,F,11/20/97,2.08,90.7,79568,Greece,2018,Undrafted,Undrafted,4.507557357121091
427,427,Jalen Lecque,76,#0,G,06/13/00,1.91,86.2,898310,USA,2019,Undrafted,Undrafted,4.456670177669648
428,428,Duncan Robinson,76,#55,F,04/22/94,2.01,97.5,1416852,USA,2018,Undrafted,Undrafted,4.579852378003801
